{"_wandb":{"runtime":193},"epoch":5,"_runtime":193,"train/loss":0.08005759119987488,"step":335,"train/avg_loss":0.08509663742647242,"_timestamp":1.764037496346962e+09,"_step":339,"val/loss":0.07903683418408036}